<?xml version="1.0" encoding="UTF-8" standalone="yes"?>
<addon id="repo.sbx" name="SBX" version="0.0.1" provider-name="SBX">
	<extension point="xbmc.addon.repository" name="SBX">
		<dir>
			<info compressed="false">https://raw.githubusercontent.com/totalrevolution/python-koding/master/zips/addons.xml</info>
			<checksum>https://raw.githubusercontent.com/totalrevolution/python-koding/master/zips/addons.xml.md5</checksum>
			<datadir zip="true">https://raw.githubusercontent.com/totalrevolution/python-koding/master/zips/</datadir>
		</dir>
		<info compressed="false">https://raw.githubusercontent.com/htpcforall/repo.sbx/master/zips/addons.xml</info>
		<checksum>https://raw.githubusercontent.com/htpcforall/repo.sbx/master/zips/addons.xml.md5</checksum>
		<datadir zip="true">https://raw.githubusercontent.com/htpcforall/repo.sbx/master/zips/</datadir>
	</extension>
	<extension point="xbmc.addon.metadata">
		<summary lang="en">Nunyo</summary>
		<description lang="en">Nunyo</description>
		<genre></genre>
	</extension>
</addon>